,Module_Number,# Genes in Module,Gene_set,Term,Overlap,P-value,Adjusted P-value,Old P-value,Old Adjusted P-value,Odds Ratio,Combined Score,Genes
0,0,31,HDSigDB_Mouse_2021,Genes Down-Regulated In Parkinson Disease Markers In Human Substantia Nigra GSE26927,4/1054,0.0780560232382756,0.3319316556660396,0,0,2.669347442680776,6.8077127619427245,ARHGAP44;OPHN1;OCRL;RGS7
1,0,31,HDSigDB_Mouse_2021,Parkinson Disease Markers In Human Substantia Nigra GSE26927,5/2327,0.2897202334077924,0.5333807334759277,0,0,1.4615218975684092,1.810591106548099,ARHGAP44;OPHN1;OCRL;RAF1;RGS7
2,0,31,HDSigDB_Mouse_2021,Genes Up-Regulated In Parkinson Disease Markers In Human Substantia Nigra GSE26927,1/1278,0.8710848661308184,0.9097187555910136,0,0,0.4879143826677107,0.0673399287870923,RAF1
3,1,144,KEGG_2019_Mouse,Parkinson disease,22/144,3.3074904884865523e-23,2.629454938346809e-21,0,0,29.168771835528084,1509.8709361820602,NDUFA9;NDUFA12;ATP8;NDUFA4;NDUFA10;ATP5A1;NDUFA1;ATP5C1;ATP5O;SDHB;ATP5B;NDUFS7;UQCRQ;VDAC3;NDUFS3;VDAC2;NDUFS2;NDUFS1;UQCRC2;SLC25A5;NDUFV1;SLC25A4
4,1,144,HDSigDB_Mouse_2021,Genes Down-Regulated In Parkinson Disease Markers In Human Substantia Nigra GSE26927,26/1054,3.2187799226109194e-08,6.553585633129906e-07,0,0,4.035547055332058,69.61995981419483,ATP5A1;NDUFA10;SLC2A3;ATP5O;HK1;ATP5B;OPA1;OXCT1;DLAT;PDHX;FARP1;GLRX5;IMMT;ATP2B2;LRPPRC;FH1;NIPSNAP2;VWA8;ALDH5A1;OGDH;SFXN1;NDUFS1;SLC25A11;DLD;BLVRA;MCU
5,1,144,HDSigDB_Mouse_2021,Parkinson Disease Markers In Human Substantia Nigra GSE26927,29/2327,0.0021640113156749,0.0121060185742708,0,0,1.9267491580580467,11.822131470716732,ATP5A1;NDUFA10;SLC2A3;PHB;ATP5O;HK1;ATP5B;OPA1;OXCT1;DLAT;PDHX;FARP1;IDH3G;GLRX5;CAD;IMMT;ATP2B2;LRPPRC;FH1;NIPSNAP2;VWA8;ALDH5A1;OGDH;SFXN1;NDUFS1;SLC25A11;DLD;BLVRA;MCU
6,1,144,HDSigDB_Mouse_2021,Genes Up-Regulated In Parkinson Disease Markers In Human Substantia Nigra GSE26927,3/1278,0.995729312686652,0.9999954869306558,0,0,0.3100709219858156,0.0013270516854627,IDH3G;CAD;PHB
7,2,133,HDSigDB_Mouse_2021,Genes Down-Regulated In Parkinson Disease Markers In Human Substantia Nigra GSE26927,6/1054,0.7082341078532095,0.9520803616806788,0,0,0.8483650898599507,0.2926694800178333,OSBPL6;DGKB;CHD5;DDX10;RIOK1;DGKI
8,2,133,HDSigDB_Mouse_2021,Genes Up-Regulated In Parkinson Disease Markers In Human Substantia Nigra GSE26927,7/1278,0.7533547745461482,0.9819994142916718,0,0,0.8128332896232188,0.2302098428351078,SRRM2;COPA;ERCC3;CXXC1;LUC7L;PHRF1;CYTH1
9,2,133,HDSigDB_Mouse_2021,Parkinson Disease Markers In Human Substantia Nigra GSE26927,13/2327,0.7867725032904926,0.9999959504179414,0,0,0.8217696629213483,0.1970736290230503,SRRM2;COPA;OSBPL6;DGKB;CXXC1;CHD5;DDX10;PHRF1;ERCC3;LUC7L;RIOK1;DGKI;CYTH1
10,3,99,KEGG_2019_Mouse,Parkinson disease,3/144,0.034741348624502,0.0589362164165659,0,0,4.379432624113475,14.714125895532623,GNAL;GNAI1;ADCY5
11,3,99,HDSigDB_Mouse_2021,Parkinson Disease Markers In Human Substantia Nigra GSE26927,23/2327,0.0008369065366116066,0.0058514576366383,0,0,2.311374954312865,16.37793639475982,RAB9;SLC2A13;GAA;TECR;ACSL6;RHOG;ITPR1;RUNDC3B;ABHD12;DNM3;GNAO1;SCFD1;GNAL;SCCPDH;RAB14;ABHD16A;STT3A;RAB18;KRAS;VPS35;RAB6B;ATP9A;RAB8A
12,3,99,HDSigDB_Mouse_2021,Genes Down-Regulated In Parkinson Disease Markers In Human Substantia Nigra GSE26927,13/1054,0.00206244547611,0.0116415111757841,0,0,2.7386457565399995,16.93540982419172,SLC2A13;ACSL6;ITPR1;RUNDC3B;GNAO1;SCFD1;GNAL;RAB14;RAB18;KRAS;VPS35;RAB6B;ATP9A
13,3,99,HDSigDB_Mouse_2021,Genes Up-Regulated In Parkinson Disease Markers In Human Substantia Nigra GSE26927,10/1278,0.1005628244755065,0.2141055623858216,0,0,1.6511005564810548,3.792532783700538,ABHD12;DNM3;RAB9;SCCPDH;ABHD16A;GAA;TECR;STT3A;RHOG;RAB8A
14,4,92,HDSigDB_Mouse_2021,Parkinson Disease Markers In Human Substantia Nigra GSE26927,20/2327,0.0040448365610331,0.0233383384749424,0,0,2.119274671290276,11.677869176038042,CYFIP2;NCKAP1;CSNK2A1;DOCK9;CSNK2A2;ILK;AP2A1;CDC42BPA;BTBD8;GATAD2B;JAKMIP3;RIMS2;NFX1;MAP7D1;TAOK1;PSD3;PIP4K2A;ARL6IP4;SRGAP3;EXOC1
15,4,92,HDSigDB_Mouse_2021,Genes Down-Regulated In Parkinson Disease Markers In Human Substantia Nigra GSE26927,10/1054,0.0228807906264354,0.0808077407497838,0,0,2.203532380151388,8.323750043075588,CYFIP2;RIMS2;NCKAP1;CSNK2A1;TAOK1;PSD3;AP2A1;SRGAP3;CDC42BPA;EXOC1
16,4,92,HDSigDB_Mouse_2021,Genes Up-Regulated In Parkinson Disease Markers In Human Substantia Nigra GSE26927,11/1278,0.0324314333261951,0.1068763143704158,0,0,1.998021963031171,6.850472372921887,CSNK2A1;NFX1;DOCK9;MAP7D1;CSNK2A2;ILK;PIP4K2A;ARL6IP4;BTBD8;GATAD2B;JAKMIP3
17,5,86,HDSigDB_Mouse_2021,Genes Down-Regulated In Parkinson Disease Markers In Human Substantia Nigra GSE26927,6/1054,0.3001353989627426,0.5075674216850762,0,0,1.3501431297709925,1.6249263877305038,TRIM9;KIF3A;MAGI3;CEP170B;RPF2;EIF2S1
18,5,86,HDSigDB_Mouse_2021,Parkinson Disease Markers In Human Substantia Nigra GSE26927,11/2327,0.417579294115763,0.6185031083331994,0,0,1.114438687392055,0.9732179382312068,DDX17;TRIM9;TRIM28;KIF3A;MAGI3;RCC2;HIP1R;CEP170B;PRPF31;RPF2;EIF2S1
19,5,86,HDSigDB_Mouse_2021,Genes Up-Regulated In Parkinson Disease Markers In Human Substantia Nigra GSE26927,5/1278,0.6499836880108018,0.7961584389563061,0,0,0.9039112430052468,0.3894122054204715,DDX17;TRIM28;RCC2;HIP1R;PRPF31
20,6,83,KEGG_2019_Mouse,Parkinson disease,5/144,0.0003337888316872918,0.0050624639472572,0,0,9.121010883600812,73.01371041443646,UCHL1;COX4I1;VDAC1;UBA1;PARK7
21,6,83,HDSigDB_Mouse_2021,Genes Down-Regulated In Parkinson Disease Markers In Human Substantia Nigra GSE26927,11/1054,0.0041145569725218,0.0186249360830642,0,0,2.764647917332481,15.18683060136593,GPI1;LDHB;ACOT7;PPP2R1A;YWHAB;BASP1;HPCA;UBE2N;UBE2V2;DNM1L;KPNB1
22,6,83,HDSigDB_Mouse_2021,Parkinson Disease Markers In Human Substantia Nigra GSE26927,13/2327,0.1635847451017608,0.2855602422186635,0,0,1.412760834670947,2.557696268643249,ACOT7;YWHAB;HPCA;SIRT2;GPI1;LDHB;NFASC;PPP2R1A;BASP1;UBE2N;UBE2V2;DNM1L;KPNB1
23,6,83,HDSigDB_Mouse_2021,Genes Up-Regulated In Parkinson Disease Markers In Human Substantia Nigra GSE26927,2/1278,0.9724454283468164,0.9898936118697858,0,0,0.3607144239328147,0.0100788371024535,NFASC;SIRT2
24,7,80,HDSigDB_Mouse_2021,Genes Down-Regulated In Parkinson Disease Markers In Human Substantia Nigra GSE26927,7/1054,0.1283227707330625,0.2919977343542853,0,0,1.7285002158809908,3.5489679523500177,CAMK2B;NUMBL;CAMK2D;SYNJ1;MAP2;CEP170;PPFIA2
25,7,80,HDSigDB_Mouse_2021,Parkinson Disease Markers In Human Substantia Nigra GSE26927,9/2327,0.5948614241667187,0.7537723956344238,0,0,0.9625709390076438,0.4999851437019241,CAMK2B;NUMBL;CAMK2D;SYNJ1;MAP2;RASGRF1;CEP170;ARHGEF7;PPFIA2
26,7,80,HDSigDB_Mouse_2021,Genes Up-Regulated In Parkinson Disease Markers In Human Substantia Nigra GSE26927,2/1278,0.9674191574542772,0.9940000033140434,0,0,0.3746483401655816,0.0124096327336648,RASGRF1;ARHGEF7
27,8,80,KEGG_2019_Mouse,Parkinson disease,4/144,0.0026687656267092,0.0289116276226837,0,0,7.43609022556391,44.06730597054042,TH;COX2;SLC6A3;SNCA
28,8,80,HDSigDB_Mouse_2021,Genes Down-Regulated In Parkinson Disease Markers In Human Substantia Nigra GSE26927,12/1054,0.0009429544751520818,0.0053748405083668,0,0,3.197132211809868,22.2727977448852,TH;SYT1;SGIP1;KCND3;CADPS;NCAM1;SEPTIN3;SMAP1;SNAP91;SHANK2;SLC6A3;GRM1
29,8,80,HDSigDB_Mouse_2021,Parkinson Disease Markers In Human Substantia Nigra GSE26927,16/2327,0.0206731432084345,0.0675349915485026,0,0,1.9049112938122024,7.388998231286869,SYT1;SGIP1;KCND3;CADPS;ARAF;SEPTIN3;SNAP91;SLC6A3;GRM1;CLDN11;TH;CTTN;BIN1;NCAM1;SMAP1;SHANK2
30,8,80,HDSigDB_Mouse_2021,Genes Up-Regulated In Parkinson Disease Markers In Human Substantia Nigra GSE26927,4/1278,0.7602242828792014,0.8588055698462211,0,0,0.770304883086838,0.2111727519356182,CLDN11;CTTN;BIN1;ARAF
31,9,78,KEGG_2019_Mouse,Parkinson disease,1/144,0.4314819231616124,0.5058753581894765,0,0,1.796294614476433,1.5098389057991934,PRKACA
32,9,78,HDSigDB_Mouse_2021,Parkinson Disease Markers In Human Substantia Nigra GSE26927,13/2327,0.1156757663318573,0.3038312364908246,0,0,1.521866897147796,3.282612291560379,GSK3B;MAP4K2;CORO2A;FIG4;LIPE;NKIRAS1;FAM120B;CNOT3;ARHGEF2;PPFIA3;ATP6V1C1;MARK2;MARK1
33,9,78,HDSigDB_Mouse_2021,Genes Down-Regulated In Parkinson Disease Markers In Human Substantia Nigra GSE26927,7/1054,0.1164211546820266,0.3040166075233849,0,0,1.7773786943244951,3.822325788340564,FIG4;GSK3B;NKIRAS1;CORO2A;PPFIA3;ATP6V1C1;MARK1
34,9,78,HDSigDB_Mouse_2021,Genes Up-Regulated In Parkinson Disease Markers In Human Substantia Nigra GSE26927,6/1278,0.3810802722225626,0.5906533344416576,0,0,1.2218291404612158,1.1787538446638717,MAP4K2;LIPE;FAM120B;CNOT3;ARHGEF2;MARK2
35,10,71,KEGG_2019_Mouse,Parkinson disease,1/144,0.4018725487300037,0.5007529692182325,0,0,1.9766233766233767,1.8019299631520789,PPIF
36,10,71,HDSigDB_Mouse_2021,Parkinson Disease Markers In Human Substantia Nigra GSE26927,14/2327,0.0325940851410134,0.1216717982450231,0,0,1.8706168794229407,6.404289674618332,CREBBP;PRMT8;ISYNA1;PRKCH;NRXN1;NRXN2;PTN;TMEM263;MYLK;MYO1D;GAP43;MBP;GNB5;RGS6
37,10,71,HDSigDB_Mouse_2021,Genes Down-Regulated In Parkinson Disease Markers In Human Substantia Nigra GSE26927,8/1054,0.0327655320020699,0.1216717982450231,0,0,2.2923912713587664,7.836260278472299,PRMT8;GAP43;NRXN1;NRXN2;GNB5;PTN;TMEM263;RGS6
38,10,71,HDSigDB_Mouse_2021,Genes Up-Regulated In Parkinson Disease Markers In Human Substantia Nigra GSE26927,6/1278,0.300484804860379,0.4665867648542499,0,0,1.3539187227866474,1.6278951328943303,MYO1D;CREBBP;ISYNA1;PRKCH;MBP;MYLK
39,11,66,HDSigDB_Mouse_2021,Genes Up-Regulated In Parkinson Disease Markers In Human Substantia Nigra GSE26927,8/1278,0.058488184241086,0.2370056916362691,0,0,2.027043171327722,5.754634732405412,CDK18;MYO1E;DNMT1;EXOSC10;2310033P09RIK;DDX54;MYO9B;PLCG1
40,11,66,HDSigDB_Mouse_2021,Parkinson Disease Markers In Human Substantia Nigra GSE26927,9/2327,0.3596258632117003,0.6000544663317399,0,0,1.1999455065619182,1.2271735382114637,CDK18;MYO1E;DNMT1;EXOSC10;2310033P09RIK;RIOX2;DDX54;MYO9B;PLCG1
41,11,66,HDSigDB_Mouse_2021,Genes Down-Regulated In Parkinson Disease Markers In Human Substantia Nigra GSE26927,1/1054,0.972099601322414,0.9943459860960892,0,0,0.2758565271385784,0.0078059147070454,RIOX2
42,12,66,HDSigDB_Mouse_2021,Genes Up-Regulated In Parkinson Disease Markers In Human Substantia Nigra GSE26927,2/1278,0.9298366917177278,0.9685534413387388,0,0,0.4569455329153605,0.0332411007316114,JUP;BLMH
43,12,66,HDSigDB_Mouse_2021,Genes Down-Regulated In Parkinson Disease Markers In Human Substantia Nigra GSE26927,1/1054,0.972099601322414,0.9843556679615156,0,0,0.2758565271385784,0.0078059147070454,APEH
44,12,66,HDSigDB_Mouse_2021,Parkinson Disease Markers In Human Substantia Nigra GSE26927,3/2327,0.9867542002298876,0.992992657813493,0,0,0.3608310794197197,0.0048114326832843,JUP;BLMH;APEH
45,13,64,HDSigDB_Mouse_2021,Genes Down-Regulated In Parkinson Disease Markers In Human Substantia Nigra GSE26927,3/1054,0.6626547802304699,0.8660438711922973,0,0,0.883701704855641,0.363644239413988,NKRF;ELAVL4;HARS
46,13,64,HDSigDB_Mouse_2021,Parkinson Disease Markers In Human Substantia Nigra GSE26927,5/2327,0.8798720081548778,0.9752474472067806,0,0,0.6428561000890524,0.0822719698548774,PTBP1;NKRF;ELAVL4;HNRNPC;HARS
47,13,64,HDSigDB_Mouse_2021,Genes Up-Regulated In Parkinson Disease Markers In Human Substantia Nigra GSE26927,2/1278,0.92189023482467,0.9981988224947208,0,0,0.4717362726261502,0.0383658929429186,PTBP1;HNRNPC
48,14,64,HDSigDB_Mouse_2021,Genes Up-Regulated In Parkinson Disease Markers In Human Substantia Nigra GSE26927,3/1278,0.7847893364817965,0.9991001271051052,0,0,0.7198071359691418,0.174438031375784,RBM4;SNRNP70;PRPF3
49,14,64,HDSigDB_Mouse_2021,Parkinson Disease Markers In Human Substantia Nigra GSE26927,4/2327,0.9493856479036998,0.9999964089183646,0,0,0.505467068445975,0.0262540555720892,RBM4;SNRNP70;PRPF3;AP1M1
50,14,64,HDSigDB_Mouse_2021,Genes Down-Regulated In Parkinson Disease Markers In Human Substantia Nigra GSE26927,1/1054,0.9688980200006762,0.9999964089183646,0,0,0.2846440253847661,0.0089935884731903,AP1M1
51,15,52,HDSigDB_Mouse_2021,Genes Up-Regulated In Parkinson Disease Markers In Human Substantia Nigra GSE26927,5/1278,0.2371553186925589,0.3788518927541507,0,0,1.5606458190570105,2.2458317584631278,DOCK10;CNP;EPB41L2;MYH9;GAS7
52,15,52,HDSigDB_Mouse_2021,Parkinson Disease Markers In Human Substantia Nigra GSE26927,8/2327,0.2541682706802212,0.3940513169040256,0,0,1.3821788388411933,1.8932515562394112,DOCK10;CACNB4;CNP;EPB41L2;MYH9;PLCB1;SEC62;GAS7
53,15,52,HDSigDB_Mouse_2021,Genes Down-Regulated In Parkinson Disease Markers In Human Substantia Nigra GSE26927,3/1054,0.5213032588756858,0.6477870476849731,0,0,1.1008174916017788,0.7170982024725585,CACNB4;PLCB1;SEC62
54,16,49,HDSigDB_Mouse_2021,Genes Down-Regulated In Parkinson Disease Markers In Human Substantia Nigra GSE26927,3/1054,0.4812541464977145,0.6619699892642033,0,0,1.1727960948165308,0.8577358907445722,DCX;CDK14;OSBPL10
55,16,49,HDSigDB_Mouse_2021,Parkinson Disease Markers In Human Substantia Nigra GSE26927,4/2327,0.8373254899103455,0.917654276747273,0,0,0.6745300617018224,0.1197576909179212,FLII;DCX;CDK14;OSBPL10
56,16,49,HDSigDB_Mouse_2021,Genes Up-Regulated In Parkinson Disease Markers In Human Substantia Nigra GSE26927,1/1278,0.9608200665770578,0.9826900225689484,0,0,0.3046528321587053,0.0121764019150627,FLII
57,17,40,HDSigDB_Mouse_2021,Genes Down-Regulated In Parkinson Disease Markers In Human Substantia Nigra GSE26927,10/1054,3.152720094287417e-05,0.0006502485194467797,0,0,6.039591315453384,62.59830969473728,SCAMP5;RAB1A;RAB3C;EHD3;RAB3A;SV2C;SV2A;ATL1;CLTC;AVL9
58,17,40,HDSigDB_Mouse_2021,Parkinson Disease Markers In Human Substantia Nigra GSE26927,11/2327,0.0048230419050222,0.0381222473929899,0,0,2.88970281698529,15.414687520281722,SCAMP5;RAB1A;RAB3C;EHD3;RAB3A;SV2C;SV2A;RAB12;ATL1;CLTC;AVL9
59,17,40,HDSigDB_Mouse_2021,Genes Up-Regulated In Parkinson Disease Markers In Human Substantia Nigra GSE26927,1/1278,0.928920977483828,0.9624612953521609,0,0,0.3751380438929382,0.027659530334703,RAB12
60,18,39,HDSigDB_Mouse_2021,Parkinson Disease Markers In Human Substantia Nigra GSE26927,9/2327,0.0320472228689155,0.2007958807880488,0,0,2.283390854184642,7.856108414023103,HNRNPM;U2AF2;PCBP1;REEP2;PCBP2;KEAP1;CPEB3;CPEB2;SEC31A
61,18,39,HDSigDB_Mouse_2021,Genes Up-Regulated In Parkinson Disease Markers In Human Substantia Nigra GSE26927,5/1278,0.1008419350163415,0.3536817720835537,0,0,2.1588651171387645,4.952870484418931,HNRNPM;U2AF2;PCBP1;PCBP2;KEAP1
62,18,39,HDSigDB_Mouse_2021,Genes Down-Regulated In Parkinson Disease Markers In Human Substantia Nigra GSE26927,4/1054,0.1479583247365975,0.4299368711548956,0,0,2.058340136054422,3.933127038131067,REEP2;CPEB3;CPEB2;SEC31A
63,19,39,HDSigDB_Mouse_2021,Genes Down-Regulated In Parkinson Disease Markers In Human Substantia Nigra GSE26927,2/1054,0.6165349032116016,0.7817661380211102,0,0,0.9715856540951598,0.4698980188803121,UGCG;ARL1
64,19,39,HDSigDB_Mouse_2021,Parkinson Disease Markers In Human Substantia Nigra GSE26927,4/2327,0.6801365819672628,0.8237413409630461,0,0,0.8677449111370764,0.3344823810144939,UGCG;ARL1;ACIN1;HSPA2
65,19,39,HDSigDB_Mouse_2021,Genes Up-Regulated In Parkinson Disease Markers In Human Substantia Nigra GSE26927,2/1278,0.7214807469571883,0.8444450218710112,0,0,0.7915360501567398,0.2583966157734796,ACIN1;HSPA2
66,20,37,HDSigDB_Mouse_2021,Genes Down-Regulated In Parkinson Disease Markers In Human Substantia Nigra GSE26927,7/1054,0.0028383259676463,0.0131586336527276,0,0,4.215600127347979,24.722559148253158,TRAF3;LRRC7;NEFL;ANK2;ERC2;BSN;RAP1GAP
67,20,37,HDSigDB_Mouse_2021,Parkinson Disease Markers In Human Substantia Nigra GSE26927,7/2327,0.1317075063399577,0.2663461886370363,0,0,1.7744396551724138,3.597093809931036,TRAF3;LRRC7;NEFL;ANK2;ERC2;BSN;RAP1GAP
68,21,36,HDSigDB_Mouse_2021,Genes Down-Regulated In Parkinson Disease Markers In Human Substantia Nigra GSE26927,1/1054,0.8578348488033692,0.9403890179178006,0,0,0.5131189797856465,0.078683553630414,ITSN1
69,21,36,HDSigDB_Mouse_2021,Genes Up-Regulated In Parkinson Disease Markers In Human Substantia Nigra GSE26927,1/1278,0.907386880388104,0.9622661200470364,0,0,0.4181004586642801,0.0406336660078083,EDC3
70,21,36,HDSigDB_Mouse_2021,Parkinson Disease Markers In Human Substantia Nigra GSE26927,2/2327,0.9333300032093927,0.9728521206091392,0,0,0.4462745098039216,0.0307913522086046,ITSN1;EDC3
71,22,34,HDSigDB_Mouse_2021,Genes Up-Regulated In Parkinson Disease Markers In Human Substantia Nigra GSE26927,2/1278,0.6485064289961255,0.8570903681469262,0,0,0.9154584639498432,0.3964698290035821,RPS6KA4;LARP6
72,22,34,HDSigDB_Mouse_2021,Parkinson Disease Markers In Human Substantia Nigra GSE26927,3/2327,0.7735394392807747,0.913788416822806,0,0,0.734634390094942,0.188638406500286,RPS6KA4;CMAS;LARP6
73,22,34,HDSigDB_Mouse_2021,Genes Down-Regulated In Parkinson Disease Markers In Human Substantia Nigra GSE26927,1/1054,0.8415467862247782,0.9346189868215752,0,0,0.5442746553857665,0.0938948173597253,CMAS
74,23,33,HDSigDB_Mouse_2021,Genes Down-Regulated In Parkinson Disease Markers In Human Substantia Nigra GSE26927,3/1054,0.2510840107175769,0.5099055872507956,0,0,1.7998097050428163,2.4872788637521634,GARS;ANK1;ATG7
75,23,33,HDSigDB_Mouse_2021,Parkinson Disease Markers In Human Substantia Nigra GSE26927,4/2327,0.5452786413449311,0.6930349559234514,0,0,1.047634598542313,0.6353467463150517,MID1IP1;GARS;ANK1;ATG7
76,23,33,HDSigDB_Mouse_2021,Genes Up-Regulated In Parkinson Disease Markers In Human Substantia Nigra GSE26927,1/1278,0.8870579424191054,0.9176941664900948,0,0,0.4573707909162098,0.0548135908983506,MID1IP1
77,24,33,HDSigDB_Mouse_2021,Parkinson Disease Markers In Human Substantia Nigra GSE26927,5/2327,0.3375493699848384,0.6148009864385439,0,0,1.3569736680201796,1.4737324290170042,NXF1;ZC2HC1A;NOS1AP;RASGRP2;RNF220
78,24,33,HDSigDB_Mouse_2021,Genes Up-Regulated In Parkinson Disease Markers In Human Substantia Nigra GSE26927,3/1278,0.3536182726419412,0.6323223527695386,0,0,1.4660392156862745,1.5240024091628903,NXF1;RASGRP2;RNF220
79,24,33,HDSigDB_Mouse_2021,Genes Down-Regulated In Parkinson Disease Markers In Human Substantia Nigra GSE26927,2/1054,0.5250918624440303,0.7290228880908978,0,0,1.160002453084754,0.7472527647444631,ZC2HC1A;NOS1AP
80,25,31,HDSigDB_Mouse_2021,Genes Down-Regulated In Parkinson Disease Markers In Human Substantia Nigra GSE26927,2/1054,0.4915030608431868,0.78365387936016,0,0,1.240133735413662,0.8808510092465052,LRRC49;BBS4
81,25,31,HDSigDB_Mouse_2021,Parkinson Disease Markers In Human Substantia Nigra GSE26927,3/2327,0.7161599296291044,0.8932064526513617,0,0,0.8134835259404967,0.2715829162701524,LRRC49;CWC25;BBS4
82,25,31,HDSigDB_Mouse_2021,Genes Up-Regulated In Parkinson Disease Markers In Human Substantia Nigra GSE26927,1/1278,0.8710848661308184,0.9463849331440916,0,0,0.4879143826677107,0.0673399287870923,CWC25
83,26,27,HDSigDB_Mouse_2021,Genes Down-Regulated In Parkinson Disease Markers In Human Substantia Nigra GSE26927,2/1054,0.4200436369111641,0.5964490934367757,0,0,1.4388593155893536,1.248061787133767,DSTN;UBE2V1
84,26,27,HDSigDB_Mouse_2021,Genes Up-Regulated In Parkinson Disease Markers In Human Substantia Nigra GSE26927,2/1278,0.5220747401629122,0.6626153276511921,0,0,1.1722257053291536,0.7618816745072852,FSCN1;UBE2V1
85,26,27,HDSigDB_Mouse_2021,Parkinson Disease Markers In Human Substantia Nigra GSE26927,3/2327,0.6229972009703495,0.7346497021928716,0,0,0.9492792598967298,0.4492115266089359,FSCN1;DSTN;UBE2V1
86,27,27,HDSigDB_Mouse_2021,Genes Down-Regulated In Parkinson Disease Markers In Human Substantia Nigra GSE26927,9/1054,5.996517521956538e-06,0.0003039773113053353,0,0,9.05645933014354,108.89787074376066,ZYG11B;NUDT10;TUBB2A;GUCY1B1;TUBB3;CUL2;FBXL16;SULT4A1;TUBA4A
87,27,27,HDSigDB_Mouse_2021,Parkinson Disease Markers In Human Substantia Nigra GSE26927,9/2327,0.0025404414670378,0.0263645815240623,0,0,3.8082398619499567,22.755822761636463,ZYG11B;NUDT10;TUBB2A;GUCY1B1;TUBB3;CUL2;FBXL16;SULT4A1;TUBA4A
88,28,25,KEGG_2019_Mouse,Parkinson disease,1/144,0.1653639583505723,0.2162451763045945,0,0,5.778554778554779,10.39912431317092,PRKACB
89,28,25,HDSigDB_Mouse_2021,Genes Down-Regulated In Parkinson Disease Markers In Human Substantia Nigra GSE26927,5/1054,0.0088559178944446,0.0745824921994726,0,0,4.5104861773117255,21.31957678953532,AP3M2;NARS;UBE3A;PFKM;ASS1
90,28,25,HDSigDB_Mouse_2021,Parkinson Disease Markers In Human Substantia Nigra GSE26927,7/2327,0.0207199697044112,0.1178356492831093,0,0,2.95941091954023,11.472622015174704,AP3M2;NARS;UBE3A;EIF2B1;PFKM;ZZEF1;ASS1
91,28,25,HDSigDB_Mouse_2021,Genes Up-Regulated In Parkinson Disease Markers In Human Substantia Nigra GSE26927,2/1278,0.4807470603634799,0.6202433636636944,0,0,1.274294670846395,0.9333112688029152,EIF2B1;ZZEF1
92,29,22,HDSigDB_Mouse_2021,Genes Down-Regulated In Parkinson Disease Markers In Human Substantia Nigra GSE26927,2/1054,0.3241857994537894,0.5728278874025073,0,0,1.7990494296577946,2.026518491402288,STAU2;DHX36
93,29,22,HDSigDB_Mouse_2021,Parkinson Disease Markers In Human Substantia Nigra GSE26927,2/2327,0.7437923199668611,0.8651415214313951,0,0,0.7592688172043011,0.2247385761399354,STAU2;DHX36
94,30,21,HDSigDB_Mouse_2021,Genes Up-Regulated In Parkinson Disease Markers In Human Substantia Nigra GSE26927,4/1278,0.0415231935956725,0.2878590028004582,0,0,3.45461261427648,10.990860831572077,TOP3B;DGKD;LAS1L;NBR1
95,30,21,HDSigDB_Mouse_2021,Parkinson Disease Markers In Human Substantia Nigra GSE26927,5/2327,0.0885207489319762,0.3404024656583956,0,0,2.3763189061154177,5.761428682209403,TOP3B;DGKD;LAS1L;NBR1;SLIT2
96,30,21,HDSigDB_Mouse_2021,Genes Down-Regulated In Parkinson Disease Markers In Human Substantia Nigra GSE26927,1/1054,0.6793837051520467,0.7590260355215528,0,0,0.898670465337132,0.3473983297844752,SLIT2
97,31,19,HDSigDB_Mouse_2021,Genes Up-Regulated In Parkinson Disease Markers In Human Substantia Nigra GSE26927,1/1278,0.7149832318077682,0.7627282294046045,0,0,0.8137126946837205,0.2729975076657444,PLEC
98,31,19,HDSigDB_Mouse_2021,Parkinson Disease Markers In Human Substantia Nigra GSE26927,1/2327,0.9047549872009828,0.911702764406451,0,0,0.4216824304958441,0.0422066601370614,PLEC
99,32,19,HDSigDB_Mouse_2021,Genes Down-Regulated In Parkinson Disease Markers In Human Substantia Nigra GSE26927,3/1054,0.0753598804040604,0.4169367296268126,0,0,3.377140818268316,8.73153083884304,VPS50;PLAA;KCTD16
100,32,19,HDSigDB_Mouse_2021,Parkinson Disease Markers In Human Substantia Nigra GSE26927,3/2327,0.3834396995979753,0.6667354756080308,0,0,1.4245643287435457,1.3655487706249514,VPS50;PLAA;KCTD16
101,33,19,HDSigDB_Mouse_2021,Genes Down-Regulated In Parkinson Disease Markers In Human Substantia Nigra GSE26927,2/1054,0.2646328625989822,0.47261071226838,0,0,2.116864236188772,2.81418437447369,CAPRIN1;FHL1
102,33,19,HDSigDB_Mouse_2021,Parkinson Disease Markers In Human Substantia Nigra GSE26927,2/2327,0.6662387491966537,0.7358163919699003,0,0,0.8934092346616066,0.3628199141693322,CAPRIN1;FHL1
103,34,16,HDSigDB_Mouse_2021,Genes Down-Regulated In Parkinson Disease Markers In Human Substantia Nigra GSE26927,2/1054,0.2051143127153973,0.4755899392739057,0,0,2.5708853883758827,4.072765350389106,MAPK1;MAPRE3
104,34,16,HDSigDB_Mouse_2021,Parkinson Disease Markers In Human Substantia Nigra GSE26927,3/2327,0.2831451781671124,0.5368722728096643,0,0,1.7536078379451874,2.212694506425993,MAPK1;DIP2A;MAPRE3
105,34,16,HDSigDB_Mouse_2021,Genes Up-Regulated In Parkinson Disease Markers In Human Substantia Nigra GSE26927,1/1278,0.6524806625432922,0.7528059720477042,0,0,0.9766118506917254,0.4169876497455577,DIP2A
106,35,14,HDSigDB_Mouse_2021,Genes Down-Regulated In Parkinson Disease Markers In Human Substantia Nigra GSE26927,2/1054,0.1663485847524541,0.5308023415317306,0,0,2.999683143219265,5.380441016177431,TUBB2B;CRMP1
107,35,14,HDSigDB_Mouse_2021,Parkinson Disease Markers In Human Substantia Nigra GSE26927,3/2327,0.217518311666066,0.5473812458409794,0,0,2.072680331716476,3.1618163093170493,ARHGAP33;TUBB2B;CRMP1
108,35,14,HDSigDB_Mouse_2021,Genes Up-Regulated In Parkinson Disease Markers In Human Substantia Nigra GSE26927,1/1278,0.6033775341933082,0.7215324038134077,0,0,1.1269803023914222,0.5693641810005433,ARHGAP33
109,37,12,KEGG_2019_Mouse,Parkinson disease,1/144,0.0830810156048701,0.143143279426899,0,0,12.616020343293073,31.387889738679515,UQCRFS1
110,37,12,HDSigDB_Mouse_2021,Genes Down-Regulated In Parkinson Disease Markers In Human Substantia Nigra GSE26927,1/1054,0.4778789357726068,0.6629768838882151,0,0,1.634723301389968,1.20707617274528,SLC25A25
111,37,12,HDSigDB_Mouse_2021,Parkinson Disease Markers In Human Substantia Nigra GSE26927,1/2327,0.7734435470886999,0.8348857802942671,0,0,0.690299382474791,0.1773397029314355,SLC25A25
112,38,11,HDSigDB_Mouse_2021,Genes Down-Regulated In Parkinson Disease Markers In Human Substantia Nigra GSE26927,3/1054,0.0175139310600085,0.1232870422649417,0,0,6.7571360608943865,27.330984559699413,RPH3A;NEDD4L;MYO5A
113,38,11,HDSigDB_Mouse_2021,Parkinson Disease Markers In Human Substantia Nigra GSE26927,3/2327,0.1273689327277199,0.3119666461878948,0,0,2.850419535283993,5.873766674600152,RPH3A;NEDD4L;MYO5A
114,39,10,HDSigDB_Mouse_2021,Parkinson Disease Markers In Human Substantia Nigra GSE26927,2/2327,0.3275350091732539,0.523523116890393,0,0,1.8994623655913976,2.120104543424417,ME1;DNM2
115,39,10,HDSigDB_Mouse_2021,Genes Down-Regulated In Parkinson Disease Markers In Human Substantia Nigra GSE26927,1/1054,0.4181360808250501,0.5745497152083934,0,0,1.998206183391369,1.7423325790228104,ME1
116,39,10,HDSigDB_Mouse_2021,Genes Up-Regulated In Parkinson Disease Markers In Human Substantia Nigra GSE26927,1/1278,0.4833977919225816,0.6151705042113773,0,0,1.6282084747237449,1.183569779728234,DNM2
117,40,10,HDSigDB_Mouse_2021,Genes Up-Regulated In Parkinson Disease Markers In Human Substantia Nigra GSE26927,1/1278,0.4833977919225816,0.6233092508404499,0,0,1.6282084747237449,1.183569779728234,AGAP1
118,40,10,HDSigDB_Mouse_2021,Parkinson Disease Markers In Human Substantia Nigra GSE26927,1/2327,0.7098147187889148,0.7802402000264572,0,0,0.8437947836056177,0.2892117610854349,AGAP1
119,41,8,HDSigDB_Mouse_2021,Genes Up-Regulated In Parkinson Disease Markers In Human Substantia Nigra GSE26927,1/1278,0.4104279809223126,0.6391092646965452,0,0,2.093634634746616,1.8644963897804243,LLGL1
120,41,8,HDSigDB_Mouse_2021,Parkinson Disease Markers In Human Substantia Nigra GSE26927,1/2327,0.6283252679671006,0.74330530776145,0,0,1.0850018425254884,0.5041974310318343,LLGL1
121,43,6,HDSigDB_Mouse_2021,Parkinson Disease Markers In Human Substantia Nigra GSE26927,3/2327,0.0239774129790614,0.3035322506667554,0,0,7.603270223752151,28.365086971498744,SURF4;PLCL2;WASF3
122,43,6,HDSigDB_Mouse_2021,Genes Down-Regulated In Parkinson Disease Markers In Human Substantia Nigra GSE26927,2/1054,0.0361185935832822,0.329072736698118,0,0,9.002851711026617,29.89799777935396,PLCL2;WASF3
123,43,6,HDSigDB_Mouse_2021,Genes Up-Regulated In Parkinson Disease Markers In Human Substantia Nigra GSE26927,1/1278,0.3271603856291174,0.5844999697861277,0,0,2.931401722787784,3.2752690760610075,SURF4
124,45,5,HDSigDB_Mouse_2021,Genes Down-Regulated In Parkinson Disease Markers In Human Substantia Nigra GSE26927,1/1054,0.2371733633993118,0.474629546640842,0,0,4.497150997150997,6.471238001248669,ATXN10
125,45,5,HDSigDB_Mouse_2021,Parkinson Disease Markers In Human Substantia Nigra GSE26927,1/2327,0.4612673845452544,0.611242299192482,0,0,1.899075666380052,1.4694618206467405,ATXN10
