,Accession,Module,Description,Phos,Sequence,Genes,ProteinName,MouseID,Mouse Kinase,Family,MouseName,MySequence
10,A2A5R2,37,"Brefeldin A-inhibited guanine nucleotide-exchange protein 2, org=Mus musculus",Yes,VSLENGEAPRERGs*PVSGR,Arfgef2,,,False,,,APRERGs*PVSGRAE
11,A2A5R2,37,"Brefeldin A-inhibited guanine nucleotide-exchange protein 2, org=Mus musculus",Yes,ELEKPMQSKPQs*PVIQAT*AGSPK,Arfgef2,,,False,,,MQSKPQs*PVIQATA
12,A2A5R2,37,"Brefeldin A-inhibited guanine nucleotide-exchange protein 2, org=Mus musculus",Yes,ELEKPMQSKPQs*PVIQAT*AGSPK,Arfgef2,,,False,,,SPVIQAT*AGSPKFS
13,A2A5R2,37,"Brefeldin A-inhibited guanine nucleotide-exchange protein 2, org=Mus musculus",Yes,ELEKPMQSKPQs*PVIQATAGS*PK,Arfgef2,,,False,,,MQSKPQs*PVIQATA
14,A2A5R2,37,"Brefeldin A-inhibited guanine nucleotide-exchange protein 2, org=Mus musculus",Yes,ELEKPMQSKPQs*PVIQATAGS*PK,Arfgef2,,,False,,,IQATAGS*PKRGIQF
15,A2A5R2,37,"Brefeldin A-inhibited guanine nucleotide-exchange protein 2, org=Mus musculus",No,TFLEGFRLPGEAQK,Arfgef2,,,False,,,TFLEGFRLPGEAQK
116,A2ASS6,37,"Titin, org=Mus musculus",No,VPEVSKK,Ttn,TTN,A2ASS6,True,CAMK_Ser/Thr_protein_kinase_family,TITIN_MOUSE,VPEVSKK
118,A2AT37,37,"Regulator of nonsense transcripts 2, org=Mus musculus",No,GAPNADLIFK,Upf2,,,False,,,GAPNADLIFK
130,A2RSJ4,37,"Bridge-like lipid transfer protein family member 3B, org=Mus musculus",Yes,SMs*VDLSHAPLKDPLLFK,Bltp3b,,,False,,,SDNRSMS*VDLSHAP
131,A2RSJ4,37,"Bridge-like lipid transfer protein family member 3B, org=Mus musculus",No,FVIPSEVK,Bltp3b,,,False,,,FVIPSEVK
192,B2RU80,37,"Receptor-type tyrosine-protein phosphatase beta, org=Mus musculus",No,ANGDVDQYEVQLLFNDMKVFPHIHLVNTATEYK,Ptprb,,,False,,,ANGDVDQYEVQLLFNDMKVFPHIHLVNTATEYK
413,O08576,37,"RUN domain-containing protein 3A, org=Mus musculus",No,GFWDYIR,Rundc3a,,,False,,,GFWDYIR
430,O08605,37,"MAP kinase-interacting serine/threonine-protein kinase 1, org=Mus musculus",No,GLPTPQVLQR,Mknk1,MKNK1,O08605,True,CAMK_Ser/Thr_protein_kinase_family,MKNK1_MOUSE,GLPTPQVLQR
477,O08992,37,"Syntenin-1, org=Mus musculus",No,SLMDHTIPEV,Sdcbp,,,False,,,SLMDHTIPEV
651,O35955,37,"Proteasome subunit beta type-10, org=Mus musculus",No,FAPGTTPVLTR,Psmb10,,,False,,,FAPGTTPVLTR
828,O70492,37,"Sorting nexin-3, org=Mus musculus",No,TNLPIFK,Snx3,,,False,,,TNLPIFK
845,O88196,37,"E3 ubiquitin-protein ligase TTC3, org=Mus musculus",No,SSQSPPLAAAGPSAR,Ttc3,,,False,,,SSQSPPLAAAGPSAR
909,O88643,37,"Serine/threonine-protein kinase PAK 1, org=Mus musculus",Yes,DVATSPIs*PTENNTTPPDALTR,Pak1,PAK1,O88643,True,STE_Ser/Thr_protein_kinase_family,PAK1_MOUSE,VATSPIs*PTENNTT
910,O88643,37,"Serine/threonine-protein kinase PAK 1, org=Mus musculus",Yes,SVIEPLPVTPt*RDVATSPISPTENNTTPPDALTR,Pak1,PAK1,O88643,True,STE_Ser/Thr_protein_kinase_family,PAK1_MOUSE,PLPVTPt*RDVATSP
911,O88643,37,"Serine/threonine-protein kinase PAK 1, org=Mus musculus",No,SVIEPLPVTPTR,Pak1,PAK1,O88643,True,STE_Ser/Thr_protein_kinase_family,PAK1_MOUSE,SVIEPLPVTPTR
966,O88811,37,"Signal transducing adapter molecule 2, org=Mus musculus",No,ALYPPAESQLNNK,Stam2,,,False,,,ALYPPAESQLNNK
1401,P12023,37,"Amyloid-beta precursor protein, org=Mus musculus",No,STNLHDYGMLLPCGIDKFR,App,,,False,,,STNLHDYGMLLPCGIDKFR
1593,P17879;Q61696,37,"Heat shock 70 kDa protein 1B;Heat shock 70 kDa protein 1A, org=Mus musculus",No,QTQTFTTYSDNQPGVLIQVYEGER,Hspa1b;Hspa1a,,,False,,,QTQTFTTYSDNQPGVLIQVYEGER
1613,P18826,37,"Phosphorylase b kinase regulatory subunit alpha, skeletal muscle isoform, org=Mus musculus",No,TISAPLPYEALTK,Phka1,,,False,,,TISAPLPYEALTK
1677,P20444,37,"Protein kinase C alpha type, org=Mus musculus",Yes,VIs*PSEDRKQPSNNLDR,Prkca,PRKCA,P20444,True,AGC_Ser/Thr_protein_kinase_family,KPCA_MOUSE,VGNKVIS*PSEDRKQ
1678,P20444,37,"Protein kinase C alpha type, org=Mus musculus",Yes,EHMMDGVTTRTFCGTPDy*IAPEIIAYQPYGK,Prkca,PRKCA,P20444,True,AGC_Ser/Thr_protein_kinase_family,KPCA_MOUSE,FCGTPDy*IAPEIIA
1679,P20444,37,"Protein kinase C alpha type, org=Mus musculus",Yes,EHMMDGVTTRTFCGt*PDYIAPEIIAYQPYGK,Prkca,PRKCA,P20444,True,AGC_Ser/Thr_protein_kinase_family,KPCA_MOUSE,TRTFCGt*PDYIAPE
1680,P20444,37,"Protein kinase C alpha type, org=Mus musculus",Yes,EHMMDGVTTRt*FCGTPDYIAPEIIAYQPYGK,Prkca,PRKCA,P20444,True,AGC_Ser/Thr_protein_kinase_family,KPCA_MOUSE,DGVTTRt*FCGTPDY
1681,P20444,37,"Protein kinase C alpha type, org=Mus musculus",Yes,EHMMDGVTTRTFCGTPDy*IAPEIIAYQPYGK,Prkca,PRKCA,P20444,True,AGC_Ser/Thr_protein_kinase_family,KPCA_MOUSE,FCGTPDy*IAPEIIA
1682,P20444,37,"Protein kinase C alpha type, org=Mus musculus",Yes,EHMMDGVTTRTFCGTPDy*IAPEIIAYQPYGK,Prkca,PRKCA,P20444,True,AGC_Ser/Thr_protein_kinase_family,KPCA_MOUSE,FCGTPDy*IAPEIIA
1683,P20444,37,"Protein kinase C alpha type, org=Mus musculus",No,ADVYPANDSTASQDVANR,Prkca,PRKCA,P20444,True,AGC_Ser/Thr_protein_kinase_family,KPCA_MOUSE,ADVYPANDSTASQDVANR
2126,P46467,37,"Vacuolar protein sorting-associated protein 4B, org=Mus musculus",No,GILLFGPPGTGK,Vps4b,,,False,,,GILLFGPPGTGK
2146,P47713,37,"Cytosolic phospholipase A2, org=Mus musculus",No,DVPVVAILGSGGGFR,Pla2g4a,,,False,,,DVPVVAILGSGGGFR
2397,P56371,37,"Ras-related protein Rab-4A, org=Mus musculus",No,FLVIGNAGTGK,Rab4a,,,False,,,FLVIGNAGTGK
2445,P57776,37,"Elongation factor 1-delta, org=Mus musculus",Yes,ATAPQTQHVs*PMRQVEPPTKK,Eef1d,,,False,,,PQTQHVs*PMRQVEP
2446,P57776,37,"Elongation factor 1-delta, org=Mus musculus",Yes,ATAPQTQHVs*PMRQVEPPTK,Eef1d,,,False,,,PQTQHVs*PMRQVEP
2447,P57776,37,"Elongation factor 1-delta, org=Mus musculus",Yes,GATPAEDDEDKDIDLFGs*DEEEEDKEAAR,Eef1d,,,False,,,DIDLFGs*DEEEEDK
2448,P57776,37,"Elongation factor 1-delta, org=Mus musculus",Yes,ATAPQTQHVs*PMR,Eef1d,,,False,,,PQTQHVs*PMRQVEP
2449,P57776,37,"Elongation factor 1-delta, org=Mus musculus",No,LVPVGYGIR,Eef1d,,,False,,,LVPVGYGIR
3254,Q03963,37,"Interferon-induced, double-stranded RNA-activated protein kinase, org=Mus musculus",No,VSPDDVQR,Eif2ak2,EIF2AK2,Q03963,True,Tyr_protein_kinase_family,E2AK2_MOUSE,VSPDDVQR
3965,Q505B7,37,"Protein archease, org=Mus musculus",No,AQEEEDVRDYNLTEEQK,Zbtb8os,,,False,,,AQEEEDVRDYNLTEEQK
4019,Q5DTT2,37,"PH and SEC7 domain-containing protein 1, org=Mus musculus",No,SLSELADPNPK,Psd,,,False,,,SLSELADPNPK
4099,Q5SNZ0,37,"Girdin, org=Mus musculus",No,RTTKPEFLR,Ccdc88a,,,False,,,RTTKPEFLR
4145,Q5SWP3,37,"NAC-alpha domain-containing protein 1, org=Mus musculus",No,FKVPSEPSALVPELSPGPR,Nacad,,,False,,,FKVPSEPSALVPELSPGPR
4161,Q5U4C1,37,"G-protein coupled receptor-associated sorting protein 1, org=Mus musculus",No,LVEVGPEREPEPQFPFQYDPSYR,Gprasp1,,,False,,,LVEVGPEREPEPQFPFQYDPSYR
4236,Q60772,37,"Cyclin-dependent kinase 4 inhibitor C, org=Mus musculus",No,EGHLPVVEFLMK,Cdkn2c,,,False,,,EGHLPVVEFLMK
4293,Q60963,37,"Platelet-activating factor acetylhydrolase, org=Mus musculus",No,TLQPLLFINSAK,Pla2g7,,,False,,,TLQPLLFINSAK
4326,Q61084,37,"Mitogen-activated protein kinase kinase kinase 3, org=Mus musculus",No,SADSENALTVQER,Map3k3,MAP3K3,Q61084,True,STE_Ser/Thr_protein_kinase_family,M3K3_MOUSE,SADSENALTVQER
4600,Q62288,37,"Testican-1, org=Mus musculus",No,SLLGAFIPR,Spock1,,,False,,,SLLGAFIPR
4652,Q62559,37,"Intraflagellar transport protein 52 homolog, org=Mus musculus",No,STILFNAYKK,Ift52,,,False,,,STILFNAYKK
4696,Q64261,37,"Cyclin-dependent kinase 6, org=Mus musculus",No,FVTDIDELGKDLLLK,Cdk6,CDK6,Q64261,True,CMGC_Ser/Thr_protein_kinase_family,CDK6_MOUSE,FVTDIDELGKDLLLK
4797,Q68FE2,37,"Autophagy-related protein 9A, org=Mus musculus",Yes,SAs*YPCATPRPGAPETTALHGGFQR,Atg9a,,,False,,,PIPRSAS*YPCATPR
4798,Q68FE2,37,"Autophagy-related protein 9A, org=Mus musculus",No,YGGITDPGTVPR,Atg9a,,,False,,,YGGITDPGTVPR
4890,Q6DFV7,37,"Nuclear receptor coactivator 7, org=Mus musculus",No,LAYSTLEHGTSLK,Ncoa7,,,False,,,LAYSTLEHGTSLK
5122,Q6PDJ6,37,"F-box only protein 42, org=Mus musculus",No,VGLSLAPR,Fbxo42,,,False,,,VGLSLAPR
5255,Q6X6Z7,37,"Tektin-3, org=Mus musculus",No,TLQEIFQIEMTIESIKK,Tekt3,,,False,,,TLQEIFQIEMTIESIKK
5364,Q791N7,37,"DNA-directed RNA polymerase I subunit RPA12, org=Mus musculus",No,LGATIPLSVDEGPELQGPVIDRR,Polr1h,,,False,,,LGATIPLSVDEGPELQGPVIDRR
5485,Q7TS72,37,"Inositol-trisphosphate 3-kinase C, org=Mus musculus",No,VWMIDFGK,Itpkc,,,False,,,VWMIDFGK
5658,Q80V94,37,"AP-4 complex subunit epsilon-1, org=Mus musculus",No,ETLELLYR,Ap4e1,,,False,,,ETLELLYR
5704,Q80WV7,37,"Serine/arginine repetitive matrix protein 3, org=Mus musculus",No,AAEPGLVKR,Srrm3,,,False,,,AAEPGLVKR
5781,Q80Y56,37,"Rabenosyn-5, org=Mus musculus",No,AYIFDAK,Rbsn,,,False,,,AYIFDAK
5897,Q8BFW4,37,"E3 ubiquitin-protein ligase TRIM65, org=Mus musculus",No,VLVTQQQVAQAETQLQELQEQR,Trim65,,,False,,,VLVTQQQVAQAETQLQELQEQR
5991,Q8BGS1,37,"Band 4.1-like protein 5, org=Mus musculus",No,ASTTQPEDLGVLNASAQK,Epb41l5,,,False,,,ASTTQPEDLGVLNASAQK
6135,Q8BIV3,37,"Ran-binding protein 6, org=Mus musculus",No,TTFLLDAVR,Ranbp6,,,False,,,TTFLLDAVR
6264,Q8BMD5,37,"Cytidine and dCMP deaminase domain-containing protein 1, org=Mus musculus",No,ALPGADTDFYSECKQER,Cdadc1,,,False,,,ALPGADTDFYSECKQER
6271,Q8BMG7,37,"Rab3 GTPase-activating protein non-catalytic subunit, org=Mus musculus",No,VILLDVAR,Rab3gap2,,,False,,,VILLDVAR
6304,Q8BP00,37,"IQ calmodulin-binding motif-containing protein 1, org=Mus musculus",No,MMLELNR,Iqcb1,,,False,,,MMLELNR
6362,Q8BQZ4,37,"Ral GTPase-activating protein subunit beta, org=Mus musculus",Yes,SDs*APPTPVNR,Ralgapb,,,False,,,SRPRSDS*APPTPVN
6363,Q8BQZ4,37,"Ral GTPase-activating protein subunit beta, org=Mus musculus",No,LFVPEPRPVPK,Ralgapb,,,False,,,LFVPEPRPVPK
6582,Q8BXR9,37,"Oxysterol-binding protein-related protein 6, org=Mus musculus",No,APLDIQK,Osbpl6,,,False,,,APLDIQK
6684,Q8C0M0,37,"GATOR complex protein WDR59, org=Mus musculus",No,LLDPANTQQFDDFKK,Wdr59,,,False,,,LLDPANTQQFDDFKK
6699,Q8C0Y0,37,"Serine/threonine-protein phosphatase 4 regulatory subunit 4, org=Mus musculus",No,NLPISVPGPSSSTASTSK,Ppp4r4,,,False,,,NLPISVPGPSSSTASTSK
7035,Q8CH36,37,"Neutral amino acid uniporter 4, org=Mus musculus",No,GNIGTGLLGLPLAIK,Slc36a4,,,False,,,GNIGTGLLGLPLAIK
7170,Q8JZV9,37,"Dehydrogenase/reductase SDR family member 6, org=Mus musculus",No,VIATDINESKLQELESYR,Bdh2,,,False,,,VIATDINESKLQELESYR
7299,Q8K268,37,"ATP-binding cassette sub-family F member 3, org=Mus musculus",No,LLMGDLSPVR,Abcf3,,,False,,,LLMGDLSPVR
7318,Q8K2G4,37,"Bardet-Biedl syndrome 7 protein homolog, org=Mus musculus",No,MDLTLSR,Bbs7,,,False,,,MDLTLSR
7395,Q8K3R3,37,"1-phosphatidylinositol 4,5-bisphosphate phosphodiesterase delta-4, org=Mus musculus",No,LQVPELAMLR,Plcd4,,,False,,,LQVPELAMLR
7427,Q8K4P8,37,"E3 ubiquitin-protein ligase HECW1, org=Mus musculus",Yes,SYs*AGEASEVSR,Hecw1,,,False,,,QRLRSYS*AGEASEV
7428,Q8K4P8,37,"E3 ubiquitin-protein ligase HECW1, org=Mus musculus",No,STEGLESPMAGPSNRR,Hecw1,,,False,,,STEGLESPMAGPSNRR
7542,Q8R1F0,37,"Leydig cell tumor 10 kDa protein homolog, org=Mus musculus",No,SLEVGIRK,D8Ertd738e,,,False,,,SLEVGIRK
7748,Q8VCA8,37,"Secernin-2, org=Mus musculus",No,SSTAQEAVHVIAGLLDR,Scrn2,,,False,,,SSTAQEAVHVIAGLLDR
7848,Q8VDH1,37,"F-box only protein 21, org=Mus musculus",No,MVGNLLSLGKR,Fbxo21,,,False,,,MVGNLLSLGKR
7879,Q8VDV8,37,"MIT domain-containing protein 1, org=Mus musculus",No,SSLGQDSDSTAAVAVLKR,Mitd1,,,False,,,SSLGQDSDSTAAVAVLKR
8348,Q921Z5,37,"Tumor necrosis factor alpha-induced protein 8, org=Mus musculus",No,SIATTLIDDTSSEVLDELYR,Tnfaip8,,,False,,,SIATTLIDDTSSEVLDELYR
8408,Q923W1,37,"Trimethylguanosine synthase, org=Mus musculus",No,SMGLPIQFGR,Tgs1,,,False,,,SMGLPIQFGR
8550,Q99KN9,37,"Clathrin interactor 1, org=Mus musculus",Yes,TIDLGAAAHy*TGDKASPDQNASTHTPQSSAKPSVPSSK,Clint1,,,False,,,LGAAAHy*TGDKASP
8551,Q99KN9,37,"Clathrin interactor 1, org=Mus musculus",No,ELVEFAQDDDRLREER,Clint1,,,False,,,ELVEFAQDDDRLREER
8677,Q99N50,37,"Synaptotagmin-like protein 2, org=Mus musculus",No,LNYNLDPK,Sytl2,,,False,,,LNYNLDPK
8757,Q9CPR1,37,"RWD domain-containing protein 4, org=Mus musculus",No,GWNWVDVVK,Rwdd4,,,False,,,GWNWVDVVK
8799,Q9CQ10,37,"Charged multivesicular body protein 3, org=Mus musculus",No,IPEIQATMR,Chmp3,,,False,,,IPEIQATMR
8958,Q9CR27,37,"WASH complex subunit 3, org=Mus musculus",No,MDEDGLPLMGSGIDLTKVPAIQQK,Washc3,,,False,,,MDEDGLPLMGSGIDLTKVPAIQQK
9159,Q9CYH5,37,"Glucose-fructose oxidoreductase domain-containing protein 2, org=Mus musculus",No,LLPGVGVFGTGSSAR,Gfod2,,,False,,,LLPGVGVFGTGSSAR
9336,Q9D1C3,37,"Protein preY, mitochondrial, org=Mus musculus",No,QNEKQEEAEQP,Pyurf,,,False,,,QNEKQEEAEQP
9426,Q9D3S3,37,"Sorting nexin-29, org=Mus musculus",No,SIDDDVDENEEDAYRSPLGR,Snx29,,,False,,,SIDDDVDENEEDAYRSPLGR
9543,Q9D7S9,37,"Charged multivesicular body protein 5, org=Mus musculus",No,NKDGVLVDEFGLPQIPAS,Chmp5,,,False,,,NKDGVLVDEFGLPQIPAS
9557,Q9D853,37,"EEF1A lysine methyltransferase 2, org=Mus musculus",No,EHWDAVYER,Eef1akmt2,,,False,,,EHWDAVYER
9597,Q9D8X2,37,"Coiled-coil domain-containing protein 124, org=Mus musculus",No,ALPFNAPK,Ccdc124,,,False,,,ALPFNAPK
9598,Q9D8X5,37,"CCR4-NOT transcription complex subunit 8, org=Mus musculus",No,LYGLGTGVAQKQNEDVDCAQEK,Cnot8,,,False,,,LYGLGTGVAQKQNEDVDCAQEK
9631,Q9D9V7,37,"Protein DENND6B, org=Mus musculus",No,TQAPPNVVLGVTNPFFIK,Dennd6b,,,False,,,TQAPPNVVLGVTNPFFIK
9668,Q9DB30,37,"Phosphorylase b kinase gamma catalytic chain, liver/testis isoform, org=Mus musculus",No,DLKPENILLDDNMQIR,Phkg2,PHKG2,Q9DB30,True,CAMK_Ser/Thr_protein_kinase_family,PHKG2_MOUSE,DLKPENILLDDNMQIR
9918,Q9EQP6,37,"Arrestin-C, org=Mus musculus",No,LKHEDTNLASSTILR,Arr3,,,False,,,LKHEDTNLASSTILR
10085,Q9JHU3,37,"Cyclin-dependent kinase 20, org=Mus musculus",No,DLKPANLLISASGQLK,Cdk20,CDK20,Q9JHU3,True,CMGC_Ser/Thr_protein_kinase_family,CDK20_MOUSE,DLKPANLLISASGQLK
10093,Q9JHW4,37,"Selenocysteine-specific elongation factor, org=Mus musculus",No,ALSTTASTAAFDKQPQSR,Eefsec,,,False,,,ALSTTASTAAFDKQPQSR
10216,Q9JKC7,37,"AP-4 complex subunit mu-1, org=Mus musculus",No,VAPSSAASRPVLSSR,Ap4m1,,,False,,,VAPSSAASRPVLSSR
10317,Q9JMC3,37,"DnaJ homolog subfamily A member 4, org=Mus musculus",No,ITDDMDQVELKEFNPNEQSWR,Dnaja4,,,False,,,ITDDMDQVELKEFNPNEQSWR
10406,Q9QXQ1,37,"cAMP-specific 3',5'-cyclic phosphodiesterase 7B, org=Mus musculus",No,GIIPQAPLHLLDEDYLGQAR,Pde7b,,,False,,,GIIPQAPLHLLDEDYLGQAR
10500,Q9QYH6,37,"Melanoma-associated antigen D1, org=Mus musculus",No,IPFTFWAR,Maged1,,,False,,,IPFTFWAR
10816,Q9WUB0,37,"RanBP-type and C3HC4-type zinc finger-containing protein 1, org=Mus musculus",No,GPLEPVLPKPR,Rbck1,,,False,,,GPLEPVLPKPR
10990,Q9Z101,37,"Partitioning defective 6 homolog alpha, org=Mus musculus",No,VPGIFISR,Pard6a,,,False,,,VPGIFISR
